EntityID;EntityType;Name;Resources;KillScore;TrainTime;Kills;DamageDone;DamageGet;BuildingKills;BuildingDamageDone
1;3;Gabriel;97.85;1897.96;23;6;208;7;4;790
2;2;Courtney;87.84;2140.83;16;0;607;315;4;2417
3;4;Harvey;50.53;1418.27;21;1;283;1172;4;1785
4;2;Angelina;58.54;1938.38;17;2;89;275;1;829
5;0;Grace;72.15;2032.05;11;0;1086;1154;9;3299
6;1;Chad;134.21;2103.90;14;4;458;975;0;4995
7;0;Noah;73.92;1666.89;10;3;271;886;9;529
8;2;Aleksandra;54.46;2071.13;26;1;170;158;5;4358
9;1;Julius;72.62;822.18;4;1;0;557;8;238
10;0;Adalind;51.99;1911.87;3;4;537;598;6;4737
11;4;Percy;87.90;2048.69;1;1;761;813;3;3108
12;3;Davina;148.43;1542.20;12;2;72;696;1;804
13;3;Abdul;133.73;865.56;20;0;294;34;8;519
14;0;Julia;72.39;1745.71;11;0;87;171;6;262
15;2;Meredith;111.85;1576.22;22;2;27;332;3;4712
16;3;Greta;94.53;2360.14;9;5;66;493;1;3373
17;2;Hailey;79.59;1753.23;20;1;107;164;5;2042
18;3;Melody;84.12;1948.90;13;0;1087;503;6;2725
19;2;Sofia;64.40;747.44;5;4;871;1132;0;2164
20;0;Jessica;78.65;2126.93;3;3;564;1143;4;4699
21;1;Wade;132.47;1245.61;1;2;863;1141;0;3461
22;0;Peyton;140.86;1349.29;20;0;920;224;8;1580
23;3;Tyson;127.96;2054.66;13;3;175;1141;7;1500
24;2;Lara;73.32;1120.23;28;5;956;1073;5;3207
25;0;Leroy;111.46;580.99;4;5;966;750;6;4015
26;1;Peyton;107.92;1057.16;16;5;967;359;8;2498
27;3;Freya;130.91;1552.24;9;1;524;251;8;3467
28;3;Elena;130.58;2023.59;15;0;936;875;2;4639
29;1;Aurelia;117.33;2407.77;28;1;430;961;9;4768
30;2;Ruby;142.93;538.75;6;2;445;502;0;1425
31;1;Aleksandra;124.78;1756.58;29;6;974;289;5;668
32;0;Sofia;124.38;1181.84;18;4;215;41;2;4497
33;2;Chanelle;74.98;1825.62;1;2;595;1173;4;3037
34;1;Ellen;68.54;978.35;23;5;791;597;6;86
35;1;Marla;137.05;2399.53;26;6;123;334;6;4435
36;4;Bernadette;134.52;2006.32;23;1;524;774;4;3276
37;4;Savannah;144.77;901.63;28;4;472;460;5;2376
38;4;Boris;75.27;1896.53;19;4;449;855;9;918
39;1;Sebastian;141.74;536.40;11;1;748;930;9;1706
40;0;Jade;149.53;1904.30;1;5;482;46;9;985
41;4;Ronald;63.46;1276.02;17;3;374;858;6;3401
42;0;Henry;137.23;2413.28;27;4;557;868;6;4343
43;3;Elena;51.87;915.00;16;0;514;471;0;1007
44;4;Joseph;112.70;920.32;25;2;184;1161;8;991
45;3;Brad;82.45;1065.47;17;2;452;534;4;2331
46;3;Tony;79.68;1867.85;0;3;378;205;9;3980
47;1;Payton;117.46;843.17;20;0;413;327;7;38
48;2;Blake;50.54;1121.18;6;4;722;854;0;2422
49;4;Javier;101.29;697.33;19;5;137;691;7;4722
50;1;Eve;88.31;2230.55;20;4;342;506;5;3962
51;4;Benny;131.70;1112.63;29;6;190;599;6;370
52;2;Florence;84.43;561.31;17;0;1026;522;3;1657
53;2;Harvey;120.69;1994.95;15;1;573;108;9;2085
54;0;Eileen;88.10;1096.77;7;4;146;380;2;4380
55;1;Camden;132.90;755.49;11;3;157;192;1;2378
56;3;Keira;143.91;1026.38;0;5;265;754;6;4050
57;2;Charlotte;65.36;1490.48;24;2;786;369;4;3026
58;2;Bart;131.93;2120.21;18;3;124;795;7;1105
59;4;Violet;113.02;1627.17;2;6;1058;334;3;3889
60;3;Phillip;89.96;1031.52;9;2;1029;1161;9;1527
61;2;Macy;109.44;1364.40;4;3;704;1142;7;3402
62;1;Clint;147.53;2030.51;4;1;571;1161;1;748
63;1;Lindsay;125.94;2294.68;21;5;823;1092;3;2512
64;4;Martin;72.07;1911.67;8;3;316;951;3;1944
65;2;Chester;117.93;931.44;8;0;187;268;6;3456
66;0;Maggie;149.51;1700.57;0;6;678;618;9;2168
67;2;Hayden;137.95;748.43;16;4;268;671;0;3988
68;4;Sharon;131.74;1326.54;11;4;703;374;5;3861
69;3;Sabina;78.84;1774.75;15;6;1081;503;1;1068
70;1;Bridget;86.81;1316.93;21;6;693;972;1;4331
71;1;Tyler;111.85;1613.35;5;6;755;217;4;1996
72;1;Mark;125.00;2086.65;15;2;308;285;2;4096
73;2;Gil;78.14;1609.18;29;3;412;539;3;534
74;4;William;66.59;2426.95;12;3;682;496;1;3098
75;2;Penny;128.11;2125.32;1;4;850;142;6;2670
76;1;Tyson;88.95;2196.40;26;6;949;588;1;3417
77;1;Francesca;91.99;1795.12;15;3;808;756;7;1273
78;0;Alba;71.05;2328.52;1;2;803;1176;0;3267
79;3;Julian;58.61;2204.64;12;3;1104;747;2;3833
80;2;Kate;58.52;2092.64;20;1;424;981;7;3963
81;3;Mary;143.63;1362.32;10;0;399;945;4;526
82;0;Belinda;59.04;1397.98;8;3;2;48;2;982
83;2;Anthony;85.39;2324.37;24;1;26;961;6;1776
84;4;Mona;88.17;955.64;12;0;606;1046;1;1687
85;3;Rufus;63.62;1673.69;12;1;967;457;7;4823
86;0;Josephine;100.08;550.50;20;1;66;1024;0;4176
87;3;Samara;66.92;664.24;1;3;701;374;1;2024
88;4;Jade;144.06;598.66;6;2;625;152;5;2302
89;3;Phillip;61.69;1809.08;23;5;91;774;0;4704
90;2;Bethany;83.46;2446.36;20;5;660;910;3;10
91;1;Martin;96.05;1815.65;13;1;703;479;4;4690
92;0;Danielle;94.83;1061.87;3;5;193;348;0;484
93;0;Bryce;53.03;2289.80;20;5;770;180;3;141
94;2;Chris;56.86;1524.90;15;2;331;62;3;3790
95;2;Leslie;55.22;1185.44;28;3;554;806;2;2985
96;3;Leroy;130.38;1443.13;24;2;490;760;6;1541
97;0;Ruth;133.86;1969.66;8;2;397;956;7;2315
98;4;Henry;98.94;2120.86;7;0;304;319;5;4581
99;1;Anthony;68.01;1005.37;27;3;365;456;6;3151
100;2;Aisha;58.28;1415.01;27;4;287;874;8;2495
101;4;Bart;127.85;1118.33;28;1;473;375;2;1708
102;2;Michael;74.55;1884.82;9;6;368;1127;9;4960
103;2;Ronald;141.99;956.37;15;3;609;1046;7;2392
104;1;Georgia;128.11;528.85;28;6;652;439;4;3549
105;4;Camden;145.50;705.85;25;3;932;1134;2;2162
106;4;Rocco;61.89;1853.45;2;4;539;746;0;1063
107;0;Tyler;139.92;1768.50;8;1;430;383;4;227
108;4;Benjamin;106.51;1977.54;20;6;1120;128;7;3458
109;4;Owen;91.51;1641.86;8;1;881;959;6;4548
110;3;Rylee;139.48;1520.64;25;6;567;532;0;4855
111;2;Bob;149.07;2396.10;6;6;588;762;7;4351
112;3;Abdul;109.16;2149.96;17;2;901;633;0;2603
113;0;Ema;128.47;898.36;16;4;353;904;1;3571
114;2;Cynthia;86.22;1537.12;18;5;21;97;3;1716
115;0;Paige;95.75;504.96;16;2;1051;454;1;277
116;2;Dalia;56.30;516.41;13;6;510;1100;0;2909
117;4;Daniel;133.14;2035.47;3;4;308;202;2;2843
118;1;Gwenyth;99.58;1105.20;4;0;789;331;6;3574
119;4;Mabel;114.63;1410.39;4;6;45;759;5;3958
120;3;Jolene;135.14;820.83;22;1;213;337;4;4394
121;4;Chelsea;142.22;1778.14;12;4;632;273;9;3200
122;4;Taylor;125.18;1564.98;23;4;570;279;2;2807
123;4;Elle;131.72;1731.17;22;5;603;894;0;4113
124;1;Tara;141.13;1906.92;15;3;1117;395;4;44
125;2;Barney;142.35;870.70;19;3;299;538;8;4233
126;3;Hannah;137.30;1820.69;10;3;678;503;7;1867
127;1;Gil;116.88;1799.32;21;6;763;791;9;930
128;1;Gwenyth;97.11;2330.04;8;0;173;738;5;3463
129;4;Phillip;71.89;1850.15;29;4;442;714;8;1949
130;2;Elena;124.09;949.95;3;0;365;229;0;2444
131;3;Roger;93.15;1391.10;5;6;572;66;6;3951
132;3;Elijah;140.97;1642.62;21;0;535;176;3;336
133;3;Madelyn;106.48;1419.14;11;1;461;1068;2;1207
134;3;Elijah;131.05;669.09;8;1;204;1086;1;1761
135;2;Abdul;88.26;2378.09;2;0;533;726;4;130
136;2;Jasmine;131.36;1136.69;21;2;963;621;2;2116
137;1;Enoch;65.44;1845.37;3;5;776;761;7;744
138;0;Cara;59.28;1701.41;0;3;645;1087;4;4100
139;2;Benjamin;69.60;993.09;25;6;938;377;9;180
140;0;Mabel;125.82;2011.03;6;2;633;689;3;2858
141;4;Christine;107.68;2228.72;18;0;974;611;6;475
142;3;Nicholas;57.29;2184.19;7;4;418;157;7;3752
143;1;Blake;71.94;593.87;0;2;228;529;3;753
144;0;Chelsea;134.17;1272.12;21;2;384;1082;2;1366
145;0;Carmen;74.52;1030.84;27;4;371;13;8;4604
146;3;Henry;55.49;2239.77;4;2;10;996;8;1007
147;3;Gabriel;128.05;1910.93;20;2;822;840;0;3433
148;2;Rebecca;123.85;1313.98;7;6;386;788;3;4273
149;2;Charlize;84.13;1484.43;9;3;251;1093;9;1391
150;4;Sebastian;64.04;1240.98;24;4;344;1105;6;798
151;4;Anthony;132.27;1228.47;5;4;452;644;9;3012
152;3;Jacob;115.24;1112.81;17;0;46;0;7;1518
153;1;Tyler;83.22;925.68;29;0;660;435;6;4749
154;2;Roger;113.54;1924.17;13;1;364;514;0;331
155;4;Maribel;82.80;2402.05;29;0;159;171;3;925
156;1;Martin;63.07;517.96;8;5;392;588;4;2520
157;3;Hayden;62.01;1751.30;4;4;938;457;7;3942
158;3;Elle;96.32;2376.30;10;2;994;965;0;1289
159;0;Stephanie;135.50;694.85;8;4;498;124;9;668
160;0;Estrella;122.46;1003.39;8;4;338;371;2;169
161;0;Kenzie;140.72;623.10;22;1;246;449;7;1665
162;4;Aiden;124.21;2252.52;5;2;300;381;6;2138
163;3;Elle;132.78;1432.57;14;3;772;171;7;3623
164;4;Nathan;81.81;1818.99;3;6;566;940;8;447
165;3;Juliet;63.90;2168.24;8;3;535;923;3;2191
166;0;Hayden;123.20;1201.99;14;5;752;957;1;2272
167;3;Emery;108.12;892.97;20;0;894;737;4;3928
168;2;Jack;103.37;1727.93;11;5;913;308;2;1493
169;4;Cameron;109.10;609.02;13;1;637;1182;9;1756
170;2;Angelina;137.38;1002.33;12;0;523;63;3;1482
171;0;Henry;140.86;596.36;24;5;127;106;4;3459
172;1;Jennifer;63.95;1396.61;0;0;583;753;8;2161
173;4;Liam;89.40;1599.30;24;6;942;439;2;3525
174;2;Amelia;131.29;1816.44;20;4;1050;95;9;2555
175;3;John;64.66;1404.03;12;0;511;1134;3;3591
176;0;Hannah;118.55;2445.87;7;3;48;595;2;1118
177;2;Matthew;81.97;2101.48;26;6;683;637;7;867
178;1;Monica;139.11;1659.44;17;0;346;962;0;1897
179;0;Brad;59.65;2058.91;13;3;677;822;7;2426
180;4;Alexander;109.53;1208.96;11;0;713;1168;6;4654
181;3;Selena;135.12;2384.31;17;4;496;747;8;4800
182;4;Sofia;93.63;1680.17;18;3;616;891;5;3906
183;0;Kieth;54.41;1075.48;21;6;137;952;6;2391
184;2;Cedrick;95.45;922.74;17;4;170;777;6;17
185;2;Daron;98.24;2308.33;10;3;308;708;6;168
186;1;Maia;138.69;2377.80;4;5;843;877;9;496
187;3;Jocelyn;134.89;1201.42;12;6;31;495;3;4391
188;1;Tony;74.14;1111.81;12;6;414;388;7;2310
189;4;Manuel;103.70;1645.50;4;2;610;153;6;1936
190;1;Adina;93.35;2161.51;24;0;554;19;5;3034
191;0;Julius;115.41;2282.13;12;4;666;662;3;1639
192;4;Jules;101.76;516.60;22;0;652;942;4;113
193;1;Ilona;116.34;2169.94;2;1;360;552;7;637
194;2;Cassandra;109.63;654.06;0;6;702;93;5;3641
195;4;Manuel;85.60;2297.21;11;2;1042;928;9;1288
196;2;Fiona;119.56;1045.80;19;5;96;951;4;4733
197;1;Ronald;100.58;1645.13;18;5;1059;289;7;3611
198;2;Boris;133.59;878.62;11;2;713;939;2;312
199;3;Barney;73.91;618.89;19;1;928;464;8;1726
200;4;Phillip;139.49;2486.90;25;4;327;1082;9;2483
201;4;Ryan;84.75;944.20;15;5;447;618;5;155
202;4;Henry;87.68;1196.94;7;6;862;869;4;736
203;1;Wade;59.44;879.30;12;3;45;96;8;380
204;3;Rocco;93.45;771.30;13;5;7;922;3;3037
205;4;Daria;111.08;2193.88;18;3;910;355;6;4788
206;1;Rick;122.86;2480.53;18;1;279;500;5;1568
207;0;Johnathan;147.39;1407.75;24;4;351;193;8;4781
208;4;Audrey;123.88;1560.76;14;5;17;1006;0;749
209;4;Julia;87.74;2171.06;23;1;799;1092;4;2107
210;4;Carl;118.97;1411.89;27;5;633;159;4;1823
211;3;Harvey;127.15;2206.90;7;4;1057;999;2;2850
212;3;Hank;147.25;1627.28;13;4;941;444;1;209
213;0;Sebastian;52.25;2233.92;11;6;293;1142;4;2786
214;2;Macy;66.98;1084.42;12;0;115;857;7;1542
215;0;Noah;69.96;1396.66;3;3;784;1186;6;3445
216;1;Maxwell;87.52;968.50;20;3;811;334;5;4275
217;3;Margaret;75.10;1569.24;28;2;842;571;7;1498
218;4;Chad;108.86;890.51;8;2;88;253;7;2904
219;1;Rick;56.45;1746.68;3;2;1083;566;2;3009
220;2;Angelina;116.60;1932.63;6;5;761;300;9;4303
221;0;Benny;125.62;1355.50;15;0;1073;396;2;1498
222;0;Camden;63.86;2448.37;7;5;113;655;6;2414
223;0;Freya;124.61;1222.14;17;3;759;652;6;1734
224;3;Roger;89.46;1332.43;8;6;629;34;5;4104
225;2;Cameron;84.90;532.09;4;6;416;186;3;1731
226;0;Fred;81.39;1800.51;15;6;725;205;3;3207
227;1;Hank;113.57;1160.15;23;0;661;1184;1;3856
228;2;Barry;61.35;2364.09;3;3;383;702;5;832
229;0;Janice;84.91;1362.00;7;6;977;1136;3;4011
230;0;George;138.50;1948.12;18;0;1111;355;8;1463
231;1;Kassandra;118.88;1701.08;12;6;74;570;7;3397
232;0;Vera;114.66;1031.81;16;0;1057;664;5;4183
233;2;Michael;75.10;531.53;18;1;844;880;2;4926
234;1;Lucas;137.09;666.15;24;1;1031;135;4;1653
235;0;Dakota;63.31;2449.12;1;5;725;1027;6;4846
236;1;Gil;86.45;2048.44;20;6;660;178;2;4258
237;2;Colleen;119.52;1363.77;22;6;582;1047;0;2211
238;0;Iris;110.58;1589.18;3;4;1052;913;8;2349
239;0;Evelynn;61.42;1688.90;13;3;792;41;0;632
240;4;Elijah;97.69;880.30;0;0;396;879;3;53
241;0;Boris;134.48;1000.89;1;0;816;128;8;479
242;0;Aleksandra;75.38;2307.56;13;0;285;1098;1;1216
243;2;Rosalyn;82.69;2351.80;12;6;949;868;6;1121
244;0;Henry;83.20;691.60;17;6;162;23;7;4863
245;3;Benny;98.80;2135.70;7;4;438;700;7;157
246;0;Julius;78.32;1023.60;4;0;457;446;7;285
247;2;Selena;116.36;1391.57;21;0;56;1021;5;211
248;4;Ramon;60.77;1488.56;4;6;591;1094;6;4137
249;0;Skylar;121.34;875.69;22;6;170;708;0;172
250;1;Janice;58.02;2166.78;8;2;725;201;0;3201
251;1;Vicky;140.02;1969.04;15;4;459;1085;3;3539
252;4;Mark;140.80;1294.09;21;2;403;1027;8;2508
253;4;Scarlett;90.51;1799.70;21;2;524;1023;0;646
254;4;Emely;94.80;1310.70;9;1;1090;1171;4;4205
255;4;Marina;102.87;570.08;15;4;224;1169;2;4478
256;3;Liv;85.35;1390.82;20;3;120;270;9;2817
257;0;Alexia;140.87;1654.95;20;6;866;952;7;2986
258;0;Teagan;69.78;1563.16;26;1;13;372;8;3114
259;3;Gwenyth;72.82;1866.62;9;4;1070;401;7;1649
260;1;Analise;87.92;922.57;22;4;903;79;3;1634
261;3;Marla;80.12;2250.09;7;0;364;605;6;4754
262;0;Stacy;73.06;1047.45;13;0;936;810;7;468
263;1;Maria;140.83;700.89;14;6;981;769;2;4180
264;3;Aurelia;85.01;1939.73;29;0;441;548;3;3705
265;4;Isabella;105.91;2478.53;0;5;946;448;1;2485
266;3;Russel;62.30;1801.95;6;5;896;441;7;4128
267;0;Sage;149.86;1331.51;2;2;1118;739;4;4810
268;3;Logan;118.81;1919.21;15;2;1081;611;9;457
269;2;Clint;147.09;1517.78;2;0;535;1074;7;4913
270;3;Francesca;59.77;2184.69;10;6;212;493;1;4913
271;2;Mara;114.09;1733.02;23;4;70;685;3;4497
272;3;Liam;111.28;2338.91;24;5;646;118;2;955
273;1;Joseph;130.26;706.85;3;5;228;922;3;1936
274;3;Jocelyn;84.57;2178.77;26;5;40;553;3;4523
275;1;Kenzie;141.00;934.42;26;6;818;16;8;4023
276;2;Mike;75.45;718.22;26;4;164;738;4;18
277;2;Carmen;143.25;1084.43;10;4;703;1152;9;1020
278;4;Rowan;82.03;902.55;22;2;321;99;4;2923
279;0;Marie;135.08;1571.50;29;6;1088;691;0;2362
280;1;Russel;135.86;2153.31;7;3;283;488;3;569
281;4;Megan;138.17;974.45;20;6;307;414;7;2745
282;2;Elijah;109.00;2326.31;16;3;196;377;5;2151
283;0;Jennifer;129.90;1702.54;28;0;725;909;0;4003
284;2;Gladys;128.10;713.10;9;2;976;45;9;1235
285;0;Scarlett;143.68;2344.37;22;6;322;398;1;1849
286;1;Logan;80.80;1402.52;6;4;840;908;6;376
287;2;Carl;135.30;1099.83;19;0;605;490;1;4817
288;3;Gina;85.28;1440.63;21;2;988;863;0;347
289;2;Bart;141.25;2092.24;18;4;1078;735;1;4933
290;1;Winnie;113.68;855.12;25;4;933;168;2;2348
291;0;Nate;134.54;1309.76;6;4;438;735;1;1421
292;4;Freya;62.74;1400.23;8;3;357;18;7;984
293;4;Alan;147.61;2304.70;23;3;196;312;8;2105
294;1;Joseph;81.93;701.45;11;3;187;573;4;466
295;4;Natalie;134.75;1160.12;10;6;870;1194;7;3901
296;2;Martha;60.77;692.25;9;1;969;641;1;1952
297;1;Morgan;147.82;2014.48;15;1;810;726;6;2148
298;3;Miley;84.60;2022.58;4;2;1084;1076;4;1961
299;1;Enoch;94.12;1788.73;10;2;947;648;8;4790
300;1;Sasha;99.76;2288.44;10;1;566;281;8;1326
301;2;Maia;102.31;2304.51;12;2;262;886;7;2994
302;4;Henry;101.91;1580.46;19;3;349;1059;8;997
303;0;Bart;71.74;1587.55;25;6;213;132;8;2637
304;1;Meredith;136.03;1550.74;4;6;578;323;6;2985
305;2;Mary;75.23;1221.63;3;6;558;450;1;2476
306;1;Dakota;59.74;2429.62;11;6;99;124;6;1387
307;0;Estrella;57.50;2055.56;4;5;130;275;6;4795
308;1;Luke;123.88;818.70;16;2;590;507;8;3872
309;0;Barry;129.35;1546.59;28;0;537;96;8;4958
310;2;Florence;84.10;1527.47;23;1;410;1159;1;1065
311;4;Boris;52.63;1723.23;21;3;602;1108;0;3837
312;0;Ronald;124.78;1164.91;26;3;117;220;9;2146
313;1;Kieth;59.66;1002.63;4;4;708;255;9;4233
314;3;Brad;62.06;1361.29;9;5;494;929;4;2920
315;1;Dalia;88.86;1612.04;6;4;964;882;3;4360
316;2;Adina;62.40;2085.77;28;6;348;745;4;215
317;3;Savannah;60.93;939.62;2;4;424;966;1;3871
318;4;Catherine;126.74;1552.74;5;5;971;834;6;189
319;3;Owen;127.94;1916.95;24;5;392;120;6;4626
320;3;Hailey;55.05;2153.93;18;0;944;346;0;2834
321;3;Juliet;149.83;1311.42;26;1;1042;515;8;2168
322;1;Cassandra;135.58;1590.17;24;0;1108;475;7;4069
323;3;Luke;134.86;1221.68;11;4;289;1149;8;2589
324;0;Sabrina;77.83;1226.21;18;5;769;798;2;1282
325;4;Matthew;58.71;1415.29;0;3;755;580;3;350
326;0;Tyler;98.99;508.05;1;5;1107;943;7;769
327;2;Valerie;63.07;1990.56;18;4;838;752;5;2759
328;2;Rufus;65.51;1595.89;22;2;47;670;2;3464
329;1;Maxwell;139.95;2425.35;16;2;901;983;3;3029
330;4;Allison;95.42;1360.96;13;3;595;677;6;2378
331;4;Jasmine;123.45;1778.89;11;0;369;490;7;3995
332;0;Ronald;57.71;1863.76;27;5;64;350;8;3089
333;1;Leroy;65.71;1753.20;14;5;567;190;6;1759
334;2;Sonya;115.50;621.73;18;5;878;525;4;4073
335;4;Ryan;92.79;700.90;24;3;682;142;9;3108
336;2;Johnny;143.67;2183.39;10;3;289;803;1;2785
337;0;Aileen;86.51;2131.73;26;5;299;1076;2;3567
338;3;Joy;116.90;729.73;26;1;230;355;8;547
339;0;Alessia;88.68;2305.27;7;6;879;1006;1;494
340;0;Julian;53.26;1363.64;28;5;672;1011;8;1806
341;2;Angel;145.91;1893.54;11;1;774;528;3;2950
342;0;Ruby;68.01;1863.52;23;5;594;178;2;4734
343;0;Chester;131.44;1718.55;9;2;950;665;9;4358
344;3;Danny;58.51;1078.67;20;3;701;573;5;2944
345;1;Benny;124.90;1560.71;28;5;400;295;4;1235
346;4;Monica;114.18;2350.27;4;3;1022;115;7;92
347;2;Anabel;92.56;1846.22;25;3;265;900;6;4720
348;1;Noah;81.26;1408.68;7;3;967;470;7;2233
349;1;Alessia;112.40;1435.01;26;4;164;820;4;3991
350;0;Molly;88.58;1549.04;6;6;77;274;2;3268
351;0;Joseph;90.71;2273.64;3;0;1012;481;8;4161
352;2;Gil;85.06;950.91;13;6;554;1041;0;1401
353;3;Barry;115.25;945.39;22;5;1084;151;2;2202
354;3;Isla;95.29;2486.56;22;1;508;204;5;52
355;1;Maxwell;126.56;2276.33;12;0;1000;1076;4;3238
356;2;Aurelia;95.63;2372.08;18;3;156;923;4;1035
357;2;Jacqueline;112.30;587.10;7;1;76;663;0;2033
358;4;Kate;127.88;2081.98;19;5;135;797;7;4129
359;2;Molly;107.18;1353.33;10;0;907;1070;3;2962
360;1;Taylor;145.37;1558.39;6;4;155;723;6;1305
361;2;Destiny;56.40;2237.84;14;5;717;1018;6;4416
362;3;Tyler;72.14;745.38;8;6;696;277;8;3763
363;1;Blake;103.33;2080.92;27;3;1000;937;9;2040
364;2;Carl;54.73;1615.31;14;2;746;195;4;6
365;1;Chuck;54.82;1175.20;19;5;510;1036;2;1555
366;3;Davina;117.84;1050.27;21;0;938;195;8;4462
367;2;Alessandra;123.73;1388.06;9;2;737;1137;4;321
368;3;Abdul;78.10;1016.77;12;3;664;629;7;4110
369;1;John;88.43;2125.15;27;4;743;453;0;3642
370;1;Aleksandra;124.07;524.27;23;5;588;1160;8;3690
371;0;Peter;67.95;1986.01;27;3;967;64;9;1114
372;1;Rachael;127.09;1267.29;11;5;627;516;7;2620
373;2;Robyn;55.68;1109.57;20;6;27;546;4;3543
374;4;Belinda;136.35;2363.82;25;6;17;774;0;2177
375;2;Jacob;56.57;593.42;12;1;628;1030;5;908
376;1;Caleb;72.23;1852.29;11;5;331;651;9;1032
377;4;Cynthia;113.43;1299.00;7;5;56;389;8;2290
378;0;Jayden;90.43;2433.36;5;1;521;378;6;3911
379;3;Tyler;133.23;2155.09;10;3;554;897;5;621
380;2;Iris;52.31;907.39;23;1;250;118;3;4300
381;3;Andie;81.47;1229.99;19;3;270;223;8;4117
382;3;Margot;136.57;1565.81;9;3;973;277;1;781
383;1;Marie;120.54;2416.49;10;1;536;387;2;128
384;3;Peter;52.26;2003.14;14;4;714;812;4;3249
385;2;Michael;56.75;2110.16;9;1;813;773;7;3500
386;1;Russel;74.27;2051.63;16;1;225;1005;4;3040
387;0;Ivy;90.63;1160.30;26;2;1072;980;1;3646
388;0;Winnie;63.89;2155.30;16;3;836;31;4;1810
389;3;David;91.34;1923.59;4;2;163;765;8;478
390;2;Sienna;133.44;1779.06;16;1;626;999;0;1575
391;0;Deborah;145.27;1793.94;7;3;582;945;9;3090
392;2;Logan;69.93;653.28;23;3;972;896;6;1497
393;2;Harvey;114.22;1038.40;0;4;456;106;3;4371
394;4;Rosa;138.92;543.86;24;3;520;1145;0;3156
395;3;Amelia;99.32;1107.27;29;1;606;537;7;1491
396;2;Andrea;90.19;1500.82;1;0;422;1151;6;4743
397;4;Peter;135.94;2225.58;17;3;743;593;2;440
398;0;Noah;123.37;1265.10;18;3;319;273;1;1357
399;1;Rosie;117.36;1632.87;11;4;499;598;4;2995
400;1;Danny;50.92;705.20;3;5;814;179;3;35
401;2;Dalia;72.54;991.72;20;2;378;10;8;1495
402;1;Fred;70.66;1307.32;23;5;1005;1089;4;1835
403;4;Javier;123.52;1361.32;10;6;388;44;3;4512
404;3;Jolene;67.87;1902.16;18;1;975;460;5;342
405;0;Alan;127.63;1347.73;5;0;889;600;6;4092
406;2;Adalie;143.99;1864.85;22;1;714;1005;6;117
407;1;Matthew;145.06;2068.23;13;4;317;139;2;3564
408;3;Jenna;63.90;1361.51;1;0;716;807;2;4392
409;3;Nicholas;109.40;1300.16;18;1;441;510;1;3631
410;2;Melody;139.24;2156.73;8;0;246;30;0;3690
411;0;Chuck;58.70;652.71;5;0;640;160;0;4419
412;0;Penelope;89.24;1104.96;5;5;73;819;2;1960
413;2;Oliver;113.44;1081.58;19;6;45;764;1;3478
414;2;Michael;113.87;970.80;10;0;756;205;6;4904
415;0;Benny;119.05;1077.85;9;1;232;698;4;648
416;2;Wade;122.01;1435.26;16;6;570;755;0;972
417;2;William;123.84;1364.96;13;3;583;111;3;4949
418;1;Domenic;61.25;2417.18;22;2;320;164;3;3289
419;2;Jack;126.55;2376.61;25;5;476;327;4;1852
420;2;Caydence;78.00;762.42;0;0;1103;181;8;1291
421;4;Alessia;55.14;2289.35;5;5;619;24;7;4848
422;3;Charlize;100.86;736.62;26;5;783;84;1;1440
423;4;Martin;108.43;1073.93;8;1;805;483;7;1396
424;0;Camden;92.94;1799.48;0;6;826;1068;6;612
425;1;Eryn;136.20;1264.94;25;6;427;653;1;602
426;4;Angel;138.97;1962.72;17;5;524;823;3;3791
427;3;Brad;52.23;1985.97;9;1;806;1093;4;2579
428;4;Tyson;98.77;1795.28;24;6;687;418;0;3809
429;4;Adeline;79.75;1887.47;13;6;337;714;8;750
430;0;Harvey;97.15;2034.48;13;4;987;186;2;3468
431;0;Nicole;100.03;2322.94;14;4;92;916;9;4837
432;4;Leilani;55.55;2154.63;18;5;114;5;4;2317
433;3;Daron;94.01;1275.04;1;4;408;600;4;1357
434;4;Julius;71.09;599.52;5;3;621;458;6;1660
435;3;Henry;69.01;2372.07;16;2;376;195;1;351
436;4;Bethany;106.57;1647.60;8;1;800;1129;6;51
437;4;Parker;53.05;2344.80;20;0;475;1182;4;1762
438;1;Danny;85.58;1537.08;0;4;676;322;9;4927
439;0;Tyler;68.91;760.56;29;6;171;337;2;1404
440;1;Domenic;81.50;2353.10;6;0;243;680;7;634
441;2;Ramon;78.32;528.04;2;0;839;745;8;2571
442;4;Karla;108.23;1350.06;9;1;835;757;3;528
443;4;Enoch;129.83;1482.40;23;4;18;13;7;4184
444;1;Barry;62.59;2037.44;29;0;220;1034;4;4909
445;3;Rocco;64.80;1216.92;6;4;170;356;3;4567
446;2;Jules;64.88;1183.88;11;1;899;108;1;746
447;4;Carl;77.70;2317.37;25;2;745;1149;5;1062
448;3;Miriam;109.10;2332.81;20;4;1082;297;9;1559
449;2;Logan;148.93;1965.99;19;3;7;102;4;2281
450;4;Gil;128.82;2048.58;20;4;117;924;5;3472
451;1;Allison;72.95;2252.35;11;2;932;320;3;3639
452;2;George;65.77;1582.19;19;3;979;741;8;730
453;1;Margaret;133.44;2127.42;7;3;735;222;2;261
454;0;Henry;149.11;2090.42;2;3;12;136;5;1667
455;1;Bart;114.47;2204.37;24;2;4;891;5;1949
456;4;Rowan;116.92;1244.88;21;2;153;690;5;3791
457;2;Tyler;142.33;1551.30;3;4;55;232;9;927
458;4;Maia;130.05;1159.44;21;2;528;720;8;465
459;3;Rick;139.23;1442.12;21;0;1039;900;4;3364
460;1;Josephine;136.90;1088.75;21;0;1100;569;5;420
461;0;William;97.97;1413.04;7;5;734;589;6;4078
462;3;Peter;80.98;1487.33;11;0;209;525;4;2869
463;0;Chadwick;120.67;779.37;4;1;36;808;5;4755
464;2;Marissa;93.60;2086.18;2;4;1080;307;7;4977
465;0;Danny;63.90;1694.01;11;1;1030;1052;0;4919
466;1;Carmella;99.76;2103.75;0;1;1007;1133;6;2912
467;1;Aiden;123.17;708.97;20;1;199;534;0;670
468;2;Scarlett;64.52;1616.35;18;3;977;497;0;994
469;4;Stella;128.30;2020.45;9;6;802;1086;4;3749
470;0;Janice;69.14;941.40;18;5;234;574;0;1885
471;1;Doug;70.42;658.66;29;4;1106;851;3;4385
472;3;Harvey;62.83;1794.73;23;5;264;371;2;3661
473;3;Keira;122.77;1469.73;27;2;139;424;7;1452
474;3;Mike;62.13;1702.82;7;3;858;971;6;1886
475;1;Teagan;110.09;1805.95;20;6;1110;475;9;1043
476;3;Anthony;81.52;1428.37;16;5;1091;1183;6;516
477;2;Peter;115.91;2024.13;11;4;446;377;7;156
478;3;Harry;143.77;1272.20;27;2;183;366;2;1233
479;1;Alexander;51.36;1745.94;29;6;582;261;2;387
480;3;Norah;107.25;1778.54;14;5;648;1129;8;998
481;2;Natalie;83.27;835.43;19;2;1012;672;6;191
482;4;Rosalie;125.28;1263.71;20;5;461;134;8;4543
483;3;Abdul;108.65;2291.13;4;0;540;971;6;1229
484;3;Luke;71.89;1000.93;6;6;789;531;0;1483
485;0;Vera;134.05;635.53;10;3;835;1080;8;1247
486;2;Liam;116.35;963.14;1;2;1028;333;5;2590
487;4;Johnathan;121.99;1137.57;10;2;1076;782;1;2160
488;0;Josh;104.05;1528.38;19;4;464;404;2;1733
489;4;Sasha;72.26;958.31;15;1;730;804;7;3776
490;1;Cedrick;82.56;955.49;27;3;66;180;7;4301
491;0;Liam;77.46;1210.44;19;0;801;109;1;3496
492;4;Noah;103.44;925.76;8;6;135;897;2;4270
493;3;Tyson;122.80;723.44;11;3;178;785;9;925
494;1;Livia;97.55;2107.22;25;5;709;25;9;3115
495;0;Renee;133.03;755.02;18;1;735;260;3;4550
496;3;Joyce;145.70;994.61;7;6;472;220;4;2860
497;0;Kieth;80.15;1305.77;5;1;478;1002;6;624
498;4;Ryan;56.69;2295.09;19;5;625;668;8;4637
499;1;Paige;54.60;1255.37;13;1;1106;738;9;2493
500;3;Sofia;130.24;1434.32;17;5;786;811;8;3645
501;1;Eduardo;61.48;1375.46;6;4;475;969;1;4131
502;1;Marla;84.93;2418.13;5;0;528;1089;0;1580
503;2;Nate;55.65;1891.21;26;0;2;633;0;2515
504;2;Quinn;68.20;2345.67;12;0;69;1098;3;3869
505;3;Meredith;70.90;552.10;4;2;1047;1054;5;3883
506;4;Nancy;86.26;771.28;12;5;721;1104;8;1372
507;1;Noah;58.46;1366.68;26;6;574;399;8;505
508;4;Bryon;132.55;1286.61;12;5;844;547;6;4014
509;0;Karla;143.06;1731.30;18;0;848;314;2;2339
510;4;Noah;63.41;1747.48;4;4;353;100;9;434
511;1;Manuel;67.60;1392.44;19;4;652;624;0;2252
512;2;Audrey;95.21;652.56;2;6;801;616;6;1701
513;0;Catherine;64.78;1036.98;29;0;18;924;8;793
514;4;Harriet;129.32;1267.09;28;6;1006;820;1;519
515;1;Ronald;107.58;1184.50;7;4;306;18;5;3980
516;0;Camellia;112.57;1907.59;1;1;823;334;1;1971
517;2;Eryn;142.27;2423.97;20;1;669;1167;5;2200
518;1;Noah;70.56;2083.28;15;0;35;579;2;1637
519;2;Deborah;124.66;1942.42;5;1;1026;1049;6;8
520;2;Livia;149.46;1509.12;3;1;254;177;0;865
521;4;Liam;149.55;2294.65;28;6;438;752;5;4685
522;0;Harmony;71.45;557.51;16;5;840;486;1;2838
523;0;Valerie;120.36;2308.69;14;1;620;371;2;1795
524;0;Moira;57.15;1478.48;15;1;39;1042;0;3854
525;2;Tiffany;124.13;1433.86;29;6;552;891;2;175
526;4;Russel;51.53;2397.01;2;0;535;597;6;2998
527;3;Rosalie;122.12;1162.65;17;5;160;1041;4;2130
528;1;Jacob;55.55;1132.79;3;5;730;89;2;2511
529;0;Ron;56.07;737.08;15;3;222;1134;1;1846
530;3;Victoria;143.69;1668.53;3;0;735;867;9;4644
531;4;Chris;64.01;2431.49;18;2;667;1090;7;372
532;2;Noah;79.15;1354.86;5;6;184;793;8;4819
